,0
0,ab
1,abandon
2,abbott
3,abdul
4,abdulaziz
5,abid
6,abil
7,abl
8,ablaz
9,abnorm
10,abroad
11,absenc
12,absolut
13,absorb
14,acceler
15,accentu
16,accept
17,access
18,accid
19,accommod
20,accompani
21,accord
22,accordingli
23,account
24,accru
25,accrual
26,accumul
27,accur
28,achiev
29,acquir
30,acquire
31,acquiror
32,acquisit
33,acquist
34,act
35,action
36,actit
37,activ
38,actual
39,acuqir
40,ad
41,adam
42,adamsrussel
43,add
44,addit
45,address
46,adequ
47,adher
48,adjac
49,adjourn
50,adjust
51,administ
52,administr
53,admiss
54,admit
55,adob
56,adopt
57,advanc
58,advantag
59,advers
60,advertis
61,advic
62,advis
63,advisor
64,advisori
65,advoc
66,advsior
67,aegean
68,ael
69,aeronaut
70,aerospac
71,affair
72,affect
73,affili
74,affirm
75,afford
76,afloat
77,afobakka
78,africa
79,african
80,afternoon
81,aftertax
82,afterward
83,ag
84,age
85,agenc
86,agenda
87,aggreg
88,aggress
89,ago
90,agre
91,agreeement
92,agreement
93,agricultur
94,agrio
95,agrofood
96,ahead
97,ahm
98,ahmad
99,ahvaz
100,aid
101,ail
102,aim
103,air
104,airbu
105,aircraft
106,airlin
107,airmot
108,airport
109,airway
110,akiman
111,alabama
112,alahm
113,alan
114,alarm
115,albert
116,alcan
117,alcoa
118,alcohol
119,alfin
120,algeria
121,align
122,alik
123,alleg
124,allegheni
125,allen
126,allevi
127,alli
128,allianc
129,alliedsign
130,allison
131,alloc
132,allot
133,allow
134,allsuit
135,almost
136,alnahayan
137,alon
138,along
139,alotaibi
140,aloteiba
141,alpert
142,alqassem
143,alreadi
144,alreadysubstanti
145,alrifai
146,alsabah
147,also
148,alter
149,altern
150,although
151,altner
152,aluminium
153,aluminum
154,alusuiss
155,alway
156,alza
157,am
158,amalgam
159,ambassador
160,amend
161,america
162,american
163,amoco
164,among
165,amort
166,amount
167,ampl
168,amstutz
169,amt
170,amvestor
171,ana
172,analysi
173,analyst
174,anchor
175,and
176,andrew
177,anger
178,anheuserbusch
179,anhui
180,anim
181,ankara
182,anniversari
183,announc
184,annual
185,annum
186,anonym
187,anoth
188,answer
189,antar
190,antarbelzberg
191,antialchohol
192,antialcohol
193,anticip
194,antiinfl
195,antonio
196,anwar
197,anyth
198,anzola
199,apart
200,aphid
201,appar
202,apparatu
203,apparel
204,appeal
205,appear
206,appli
207,applic
208,appoint
209,apprais
210,appreci
211,approach
212,appropri
213,approv
214,approxim
215,apr
216,april
217,aprilmay
218,aprmay
219,aqazadeh
220,aquino
221,ara
222,arab
223,arabia
224,arango
225,arauca
226,arbitrageur
227,archi
228,arden
229,area
230,argentin
231,argentina
232,argu
233,argument
234,ariadn
235,arizona
236,arlan
237,arm
238,arn
239,arnold
240,arnox
241,aromat
242,around
243,arrang
244,arriv
245,arrivaldeliveri
246,arsen
247,arsenio
248,articl
249,artifici
250,artilleri
251,arundel
252,arvin
253,ash
254,asher
255,asia
256,asian
257,asid
258,ask
259,aspect
260,ass
261,assault
262,assess
263,asset
264,assign
265,assist
266,associ
267,assum
268,assumpt
269,assur
270,asta
271,astron
272,athen
273,atlant
274,atlantabas
275,atpc
276,atroci
277,attack
278,attempt
279,attend
280,attent
281,attitud
282,attract
283,attribut
284,atwel
285,auction
286,audi
287,audienc
288,audit
289,auditor
290,aug
291,augsep
292,augsept
293,august
294,auster
295,austin
296,australasia
297,australia
298,australiabas
299,australian
300,austria
301,author
302,authoris
303,autobiographi
304,automat
305,autonom
306,autumn
307,avail
308,averag
309,avert
310,avg
311,avia
312,avial
313,aviat
314,avion
315,aviv
316,avoid
317,await
318,awar
319,award
320,away
321,azur
322,b
323,babcock
324,back
325,backlash
326,backlog
327,bacteria
328,bad
329,badli
330,bag
331,baghdad
332,bahamasbas
333,bahrain
334,baht
335,baker
336,balanc
337,balao
338,baldrig
339,bale
340,ball
341,balladur
342,baltic
343,ban
344,banca
345,bancgroup
346,bancorp
347,bancroft
348,band
349,banda
350,bank
351,bankamerica
352,banker
353,bankruptci
354,bankshar
355,bar
356,barber
357,barclay
358,bare
359,bargain
360,barley
361,barney
362,baron
363,barrel
364,barrick
365,barrier
366,barter
367,barwon
368,base
369,basi
370,basic
371,basket
372,basra
373,bassiouni
374,batiment
375,batteri
376,battl
377,bauxit
378,bay
379,bbn
380,bean
381,bear
382,bearish
383,beaubien
384,beauti
385,becam
386,becom
387,becomlet
388,bedford
389,beef
390,began
391,beghinsay
392,begin
393,behalf
394,behaviour
395,behind
396,behoov
397,beigi
398,beira
399,beirut
400,belgian
401,belgium
402,belief
403,believ
404,beliv
405,belong
406,belzberg
407,benchmark
408,benefici
409,beneficiari
410,benefit
411,benson
412,bentsen
413,beranek
414,berckman
415,bergenrichard
416,bergslag
417,bern
418,berth
419,best
420,bethmann
421,better
422,beyond
423,bhd
424,bhp
425,bhpgm
426,biannual
427,bid
428,biffex
429,big
430,biggest
431,bil
432,bilater
433,bill
434,billard
435,billion
436,billiondlr
437,billiondlrleverag
438,billiton
439,bimp
440,bin
441,bind
442,biomed
443,biotechnolog
444,birthday
445,bit
446,black
447,blame
448,blast
449,bleach
450,bleak
451,bless
452,bloc
453,block
454,blockbust
455,blood
456,blow
457,blue
458,board
459,boat
460,bob
461,boddington
462,bodi
463,bold
464,bolster
465,bolt
466,bomb
467,bonanza
468,bond
469,bongard
470,bonn
471,bonu
472,book
473,booksquar
474,boom
475,boon
476,boost
477,borden
478,border
479,borgwarn
480,borrow
481,boston
482,bottl
483,bottom
484,bought
485,bours
486,bouters
487,box
488,boy
489,boycott
490,bp
491,bpd
492,bra
493,brace
494,branch
495,brand
496,brannam
497,brasilia
498,brazil
499,brazilian
500,breach
501,break
502,breakfast
503,breakup
504,bregman
505,brett
506,brew
507,breweri
508,brian
509,briarcliff
510,bridg
511,brief
512,briefli
513,bring
514,brink
515,brinkman
516,brinkmanship
517,britain
518,british
519,britishoper
520,brito
521,britoil
522,broad
523,broadcast
524,broaden
525,broadli
526,broadlybas
527,broke
528,broken
529,broker
530,brokerag
531,brother
532,brougher
533,brought
534,brown
535,brownforman
536,bruce
537,bryn
538,bsn
539,btp
540,bu
541,buccan
542,bucci
543,buckhorn
544,budget
545,bueno
546,buffer
547,build
548,buildup
549,built
550,buiness
551,bulk
552,bull
553,bulletin
554,bullish
555,bundesbank
556,bunu
557,buoy
558,burden
559,bureau
560,burger
561,buri
562,burlington
563,burnham
564,bushel
565,busi
566,buy
567,buyer
568,buyout
569,bv
570,byrd
571,c
572,cabinet
573,cabl
574,caesar
575,cafe
576,cairn
577,cairo
578,caiss
579,calcul
580,caledonian
581,calendar
582,calif
583,california
584,call
585,callao
586,callicoon
587,calm
588,calorieconsci
589,caltex
590,cam
591,came
592,camp
593,campaign
594,canada
595,canadian
596,canal
597,canari
598,cancel
599,cane
600,cannot
601,cano
602,cant
603,cap
604,capac
605,capel
606,capit
607,capitalis
608,capitalist
609,capitol
610,captur
611,caput
612,car
613,caraca
614,carbid
615,card
616,care
617,cargil
618,cargo
619,caribbean
620,carita
621,carl
622,carlin
623,carlisl
624,carlo
625,carmel
626,carniv
627,carolco
628,carolin
629,carolina
630,carri
631,carryforward
632,carryov
633,carson
634,cartel
635,carter
636,case
637,casein
638,cash
639,cashonli
640,caspar
641,catalog
642,catalyst
643,catalyt
644,categori
645,cathol
646,cattl
647,caught
648,caus
649,cautiou
650,cautious
651,cayman
652,cb
653,cbo
654,ccc
655,cd
656,ceas
657,ceasefir
658,cede
659,ceil
660,celanes
661,cement
662,cemetari
663,cemeteri
664,cenergi
665,censu
666,cent
667,center
668,centr
669,central
670,centrewest
671,centslitr
672,centuri
673,cereal
674,certain
675,certainli
676,certif
677,cha
678,chacapalca
679,chaco
680,chain
681,chair
682,chairman
683,chairmandesign
684,challeng
685,chamber
686,chanc
687,chancellor
688,chanceri
689,chang
690,channel
691,chaotic
692,chapter
693,charg
694,chargeoff
695,charl
696,chart
697,charter
698,chatsworth
699,cheap
700,cheapli
701,cheat
702,chees
703,chemcial
704,chemclear
705,chemfix
706,chemic
707,cherri
708,chevron
709,chibougamau
710,chicago
711,chief
712,children
713,chill
714,chimi
715,china
716,chines
717,chip
718,chipmak
719,chirac
720,chocol
721,choic
722,chona
723,choos
724,chosen
725,christoph
726,chrobok
727,chrysler
728,ci
729,cie
730,cif
731,cigarett
732,cincinnatibas
733,circl
734,circul
735,circumst
736,cite
737,citi
738,citibank
739,citicorp
740,citizen
741,citru
742,civil
743,cj
744,claim
745,clark
746,class
747,clayton
748,clear
749,clearcut
750,clearer
751,clearli
752,clearwat
753,cleveland
754,client
755,climat
756,clobber
757,close
758,cloth
759,club
760,co
761,coal
762,coars
763,coast
764,coastal
765,coastla
766,cobalt
767,coca
768,cocoa
769,coconut
770,cofac
771,coffe
772,cohead
773,coin
774,coincid
775,coke
776,cola
777,colder
778,coleco
779,collabor
780,collaps
781,collasp
782,collect
783,colombia
784,colombian
785,colon
786,coloni
787,colorado
788,columbia
789,combat
790,combin
791,come
792,comecon
793,comerci
794,comerica
795,cominco
796,command
797,commenc
798,comment
799,commerc
800,commerci
801,commiss
802,commission
803,commit
804,committe
805,committeepass
806,commod
807,common
808,commun
809,communiqu
810,communist
811,compani
812,companycontrol
813,companyown
814,compar
815,compel
816,compens
817,compensatori
818,compet
819,competit
820,competitor
821,complaint
822,complement
823,complet
824,complex
825,compli
826,compon
827,compos
828,compound
829,comprehens
830,compris
831,compromisether
832,compulsorili
833,comput
834,conabl
835,conceal
836,conced
837,concentr
838,concept
839,concern
840,concert
841,concess
842,concili
843,conclud
844,concret
845,condit
846,condominium
847,conduct
848,confectionari
849,confeder
850,confer
851,confid
852,confidenti
853,confin
854,confirm
855,conflict
856,congest
857,conglomer
858,congress
859,congression
860,congressman
861,conif
862,conn
863,connect
864,connecticut
865,conoco
866,consecut
867,consensu
868,consent
869,consequ
870,conserv
871,consid
872,consider
873,consist
874,consolid
875,constant
876,constitut
877,constraint
878,construct
879,consul
880,consult
881,consum
882,consumer
883,consumm
884,consumpt
885,contact
886,contain
887,content
888,contest
889,continent
890,continu
891,contract
892,contractor
893,contrast
894,contraven
895,contribut
896,contributor
897,control
898,controvers
899,controversi
900,contruct
901,conven
902,convent
903,convers
904,convert
905,convinc
906,cook
907,cooper
908,coordin
909,cope
910,copi
911,copper
912,copra
913,coradian
914,corazon
915,cordoba
916,core
917,corel
918,cork
919,corn
920,cornwal
921,coron
922,corp
923,corpor
924,correct
925,correspond
926,corrient
927,cosmet
928,cost
929,costa
930,costli
931,cotton
932,could
933,couldnt
934,council
935,counsel
936,count
937,counter
938,counterbalanc
939,countercycl
940,counterpart
941,counterproduct
942,countervail
943,counti
944,countri
945,coupl
946,coupon
947,cours
948,court
949,cover
950,covington
951,cox
952,cracker
953,craig
954,crane
955,crash
956,crazi
957,creat
958,creation
959,credibl
960,credit
961,creditor
962,creditworthi
963,creek
964,creol
965,crew
966,crisi
967,criterion
968,critic
969,criticis
970,crop
971,cropland
972,crosbi
973,cross
974,crossroad
975,crosssect
976,crown
977,crucial
978,crude
979,crumbl
980,crush
981,crusher
982,cruzado
983,crystal
984,ct
985,ctsbbl
986,cuba
987,cuban
988,cubic
989,cuellar
990,culp
991,cumul
992,curb
993,currenc
994,current
995,currey
996,curtail
997,custom
998,cut
999,cutoff
1000,cyclop
1001,cypru
1002,daiichi
1003,daili
1004,dairi
1005,dakota
1006,dale
1007,dalla
1008,damag
1009,damp
1010,dampen
1011,dan
1012,danforth
1013,danger
1014,daniel
1015,danish
1016,dar
1017,darbi
1018,darlington
1019,data
1020,dataproduct
1021,date
1022,datron
1023,david
1024,day
1025,daylong
1026,dbt
1027,dc
1028,dd
1029,de
1030,deadlin
1031,deal
1032,dealer
1033,dean
1034,dearli
1035,dearptment
1036,deb
1037,debat
1038,debentur
1039,debit
1040,debt
1041,debtgdp
1042,debtor
1043,debttoequ
1044,dec
1045,decad
1046,deceler
1047,decemb
1048,decept
1049,decid
1050,decis
1051,decisionmak
1052,declar
1053,declin
1054,deconomi
1055,decre
1056,decreas
1057,decrib
1058,deduct
1059,deep
1060,deepak
1061,deepen
1062,deepest
1063,defeat
1064,defenc
1065,defend
1066,defens
1067,defer
1068,defici
1069,deficit
1070,deficitcov
1071,defin
1072,definit
1073,defnit
1074,defus
1075,degre
1076,del
1077,delawar
1078,delay
1079,delectro
1080,deleg
1081,deliber
1082,delic
1083,deliver
1084,deliveri
1085,demand
1086,demarku
1087,democrat
1088,democratcontrol
1089,den
1090,deni
1091,denmark
1092,denni
1093,denomin
1094,dental
1095,deodoris
1096,depart
1097,departur
1098,depend
1099,deplet
1100,depos
1101,deposit
1102,depositor
1103,depreci
1104,depress
1105,depth
1106,deputi
1107,der
1108,derail
1109,deregul
1110,describ
1111,desi
1112,design
1113,desir
1114,desjardin
1115,desper
1116,despit
1117,desposit
1118,desta
1119,destabil
1120,destin
1121,destroy
1122,detail
1123,deterior
1124,determin
1125,devalu
1126,develop
1127,developp
1128,devic
1129,devot
1130,di
1131,diagnost
1132,diamond
1133,dictat
1134,dicuss
1135,didnt
1136,diebold
1137,diesel
1138,dieter
1139,differ
1140,differenti
1141,difficult
1142,difficulti
1143,digest
1144,digim
1145,digiorgio
1146,dilig
1147,dillig
1148,dilson
1149,dilut
1150,dime
1151,diminish
1152,dimish
1153,dinar
1154,ding
1155,diplomat
1156,direct
1157,directli
1158,director
1159,directorgener
1160,disappear
1161,disarray
1162,disast
1163,disburs
1164,disclos
1165,disclosur
1166,discontinu
1167,discount
1168,discourag
1169,discoveri
1170,discu
1171,discuss
1172,diseas
1173,disequilibrium
1174,disguis
1175,disinflationari
1176,disk
1177,dislcos
1178,disloc
1179,dismantl
1180,dismiss
1181,display
1182,dispos
1183,disposit
1184,disput
1185,disrupt
1186,dissemin
1187,distanc
1188,distil
1189,distilleri
1190,distort
1191,distress
1192,distribut
1193,distributor
1194,district
1195,div
1196,divers
1197,diversif
1198,diversifi
1199,divert
1200,divest
1201,divestitur
1202,divid
1203,dividend
1204,divis
1205,dkan
1206,dl
1207,dlr
1208,dlranhour
1209,dlrashar
1210,dlrasset
1211,dobb
1212,dock
1213,doe
1214,doesnt
1215,dogmat
1216,dokla
1217,dollar
1218,dollarbas
1219,dollaryen
1220,dolphin
1221,dom
1222,dome
1223,domenici
1224,domest
1225,dominican
1226,dominion
1227,donaldson
1228,done
1229,donna
1230,donnelli
1231,dont
1232,door
1233,dormant
1234,dot
1235,doubl
1236,doubt
1237,doubtless
1238,dow
1239,downturn
1240,downward
1241,doyl
1242,dozen
1243,dr
1244,draft
1245,drag
1246,drain
1247,dramat
1248,drastic
1249,draw
1250,drexel
1251,dri
1252,drift
1253,drill
1254,drink
1255,drive
1256,driven
1257,drop
1258,drought
1259,drug
1260,drunken
1261,du
1262,dubai
1263,duck
1264,due
1265,duesseldorf
1266,duffi
1267,duin
1268,dumez
1269,dump
1270,dunham
1271,dupont
1272,durum
1273,dusseldorf
1274,dutch
1275,dutchshel
1276,duti
1277,dw
1278,dwisc
1279,dyer
1280,dynam
1281,dynamit
1282,e
1283,ea
1284,earli
1285,earlier
1286,earmark
1287,earn
1288,earth
1289,earthquak
1290,eas
1291,easier
1292,easili
1293,east
1294,eastern
1295,eaux
1296,ec
1297,echo
1298,econom
1299,economi
1300,economiqu
1301,economist
1302,ecopetrol
1303,ecu
1304,ecuador
1305,ecuadorean
1306,ed
1307,eddi
1308,edelman
1309,edg
1310,edibl
1311,edouard
1312,edt
1313,edward
1314,edwin
1315,eep
1316,ef
1317,effect
1318,effici
1319,effort
1320,egypt
1321,egyptian
1322,eight
1323,eighth
1324,eightyoctan
1325,eishiro
1326,either
1327,ekofisk
1328,el
1329,elabor
1330,elcor
1331,elect
1332,electr
1333,electron
1334,eli
1335,elia
1336,elig
1337,elimin
1338,eliot
1339,elizabeth
1340,elmer
1341,els
1342,elyria
1343,em
1344,eman
1345,embargo
1346,embassi
1347,embezzl
1348,embroil
1349,emerg
1350,emir
1351,emphas
1352,emphasi
1353,employ
1354,employe
1355,empti
1356,emptyhand
1357,emul
1358,enabl
1359,enact
1360,enahcn
1361,encount
1362,encourag
1363,encroach
1364,end
1365,endang
1366,endaugust
1367,endday
1368,enddec
1369,enddecemb
1370,endeavour
1371,endfebruari
1372,endjanuari
1373,endseptemb
1374,energi
1375,energyu
1376,enex
1377,enforc
1378,engag
1379,engelhard
1380,enger
1381,engin
1382,england
1383,englebright
1384,english
1385,engulf
1386,enhanc
1387,enjoin
1388,enjoy
1389,enorm
1390,enough
1391,enquiri
1392,enrol
1393,enron
1394,ensur
1395,entail
1396,enter
1397,enterpris
1398,entertain
1399,entir
1400,entiti
1401,entr
1402,entrepris
1403,entri
1404,environment
1405,envisag
1406,epidem
1407,eppler
1408,equal
1409,equallyimport
1410,equalyown
1411,equip
1412,equiti
1413,equival
1414,erad
1415,erdem
1416,eri
1417,erickson
1418,erod
1419,escal
1420,eskey
1421,especi
1422,espinosa
1423,essenti
1424,esso
1425,est
1426,establish
1427,estat
1428,estim
1429,et
1430,ethanol
1431,europ
1432,european
1433,europeiska
1434,evacu
1435,evalu
1436,evan
1437,even
1438,eventu
1439,everi
1440,everyth
1441,evid
1442,examin
1443,exampl
1444,exceed
1445,except
1446,excess
1447,exchang
1448,exchequ
1449,excit
1450,exclud
1451,exclus
1452,execut
1453,exercis
1454,exert
1455,exim
1456,exist
1457,exley
1458,expand
1459,expans
1460,expansionist
1461,expect
1462,expedi
1463,expedit
1464,expenditur
1465,expens
1466,experi
1467,experienc
1468,expertis
1469,expir
1470,expiri
1471,explain
1472,explan
1473,explicit
1474,exploit
1475,explor
1476,exploratori
1477,explos
1478,export
1479,express
1480,extend
1481,extens
1482,extent
1483,extern
1484,extra
1485,extract
1486,extraordinari
1487,extraordinrari
1488,extrem
1489,exwest
1490,exxon
1491,eyewash
1492,f
1493,fabric
1494,face
1495,facil
1496,fact
1497,factor
1498,factori
1499,factual
1500,fail
1501,failur
1502,fair
1503,fairchild
1504,fairli
1505,faith
1506,falcon
1507,fall
1508,fallen
1509,falloff
1510,fals
1511,famili
1512,fantasi
1513,far
1514,fare
1515,fargo
1516,farm
1517,farmer
1518,farmland
1519,farmlevel
1520,fast
1521,faster
1522,fastest
1523,fat
1524,father
1525,fault
1526,favor
1527,favour
1528,fayettevil
1529,fe
1530,fear
1531,fearless
1532,feasibl
1533,featur
1534,feb
1535,februari
1536,fecom
1537,fed
1538,feder
1539,fee
1540,feed
1541,feedgrain
1542,feel
1543,fell
1544,felt
1545,fema
1546,feng
1547,ferdinand
1548,fernand
1549,ferruzzi
1550,fertilis
1551,festiv
1552,fewer
1553,fh
1554,fiber
1555,fibr
1556,field
1557,fight
1558,figur
1559,file
1560,fill
1561,film
1562,filter
1563,filtrona
1564,fin
1565,final
1566,financ
1567,financi
1568,financier
1569,find
1570,finder
1571,fine
1572,finish
1573,finl
1574,fire
1575,fireplac
1576,firm
1577,firmer
1578,firmli
1579,first
1580,fiscal
1581,fish
1582,fisheri
1583,fitzwat
1584,five
1585,fiveandahalf
1586,fiveday
1587,fiveforfour
1588,fiveyear
1589,fix
1590,fizz
1591,fla
1592,flare
1593,flat
1594,flatli
1595,fleme
1596,flexibl
1597,flight
1598,float
1599,flood
1600,floor
1601,flore
1602,florida
1603,flotat
1604,flour
1605,flow
1606,flu
1607,fluctuat
1608,fluid
1609,flyr
1610,fob
1611,focu
1612,focus
1613,foil
1614,folk
1615,follow
1616,followup
1617,food
1618,foodservic
1619,foot
1620,foothold
1621,footwear
1622,forbidden
1623,forc
1624,forecast
1625,foreign
1626,forerunn
1627,foresaw
1628,forese
1629,foreseen
1630,forest
1631,forint
1632,fork
1633,form
1634,forma
1635,formal
1636,format
1637,former
1638,formerli
1639,formosa
1640,formula
1641,forsakr
1642,forstmann
1643,fort
1644,fortun
1645,forum
1646,forward
1647,fosfa
1648,foster
1649,found
1650,foundat
1651,founder
1652,fountain
1653,four
1654,fourday
1655,fourth
1656,fourweek
1657,fraction
1658,framework
1659,fran
1660,franc
1661,francais
1662,franchis
1663,francisco
1664,franciso
1665,franco
1666,francoi
1667,frank
1668,frankfurt
1669,fray
1670,fred
1671,free
1672,freedman
1673,freeforal
1674,freeportmcmoran
1675,freez
1676,freight
1677,french
1678,frenchcontrol
1679,frequent
1680,fresh
1681,friday
1682,friend
1683,friendli
1684,frighten
1685,frist
1686,frivol
1687,front
1688,frozen
1689,fruit
1690,frustrat
1691,fuel
1692,fujian
1693,fujitsu
1694,fuju
1695,fukushima
1696,fulfil
1697,full
1698,fulli
1699,fullyear
1700,fullyfledg
1701,fullyown
1702,fumbl
1703,funaro
1704,function
1705,fund
1706,fundament
1707,funer
1708,furnitur
1709,furor
1710,furthermor
1711,futur
1712,fw
1713,g
1714,ga
1715,gabelli
1716,gabon
1717,gafta
1718,gain
1719,gallah
1720,gallon
1721,gambl
1722,gamco
1723,gao
1724,garag
1725,garcia
1726,garden
1727,gari
1728,garofalo
1729,gasolin
1730,gasolinerich
1731,gateway
1732,gatt
1733,gave
1734,gcc
1735,gdp
1736,gear
1737,geat
1738,gemini
1739,gencorp
1740,geneen
1741,gener
1742,genet
1743,genuin
1744,geographi
1745,georg
1746,gephardt
1747,german
1748,germani
1749,gestur
1750,get
1751,getti
1752,geurin
1753,ghana
1754,ghanaian
1755,gholamreza
1756,gibbon
1757,gilberto
1758,gillett
1759,gin
1760,giorgio
1761,giscard
1762,giuliani
1763,give
1764,given
1765,glass
1766,glasssteagal
1767,glen
1768,glenn
1769,glickman
1770,global
1771,gm
1772,gmbh
1773,gmt
1774,gnp
1775,go
1776,goal
1777,godfrey
1778,gold
1779,goldbear
1780,golden
1781,goldman
1782,goldsmith
1783,goldstrik
1784,gone
1785,good
1786,goodrich
1787,goodwil
1788,gorbachev
1789,gordon
1790,gorw
1791,got
1792,gotoh
1793,gottardo
1794,gough
1795,gould
1796,govern
1797,governmentguarante
1798,governor
1799,govt
1800,grace
1801,grade
1802,gradovil
1803,gradual
1804,grain
1805,grainqual
1806,gralewicz
1807,gramlich
1808,grammrudmanhol
1809,granari
1810,grand
1811,grang
1812,grangemouth
1813,grant
1814,grassley
1815,grate
1816,gratifi
1817,greas
1818,great
1819,greater
1820,greatest
1821,greatli
1822,greec
1823,greek
1824,green
1825,grew
1826,greyhound
1827,gro
1828,gross
1829,ground
1830,group
1831,grow
1832,grower
1833,grown
1834,growth
1835,gruppo
1836,guangdong
1837,guangxi
1838,guarante
1839,guaranti
1840,guard
1841,guatemala
1842,guerilla
1843,guerrilla
1844,guess
1845,guesstim
1846,guidanc
1847,guidelin
1848,guilder
1849,guillermo
1850,guinea
1851,guinean
1852,gulf
1853,gull
1854,gullfak
1855,gundi
1856,gunship
1857,gut
1858,gympi
1859,h
1860,habbel
1861,hagu
1862,hainan
1863,haiti
1864,hajim
1865,hal
1866,hale
1867,half
1868,halfpoint
1869,halfyear
1870,halfyearli
1871,halmi
1872,halt
1873,halv
1874,hamburg
1875,hamind
1876,han
1877,hand
1878,handgun
1879,handl
1880,hang
1881,hangzhou
1882,hanson
1883,happen
1884,happi
1885,harbour
1886,hard
1887,harder
1888,hardlin
1889,hardpress
1890,hardship
1891,hardwar
1892,harland
1893,harm
1894,harold
1895,harper
1896,harri
1897,haruo
1898,harvest
1899,hatchet
1900,haubourdin
1901,haul
1902,havent
1903,hawker
1904,hawley
1905,hcl
1906,he
1907,head
1908,headi
1909,headquart
1910,health
1911,healthi
1912,heap
1913,hear
1914,heat
1915,heatley
1916,heavi
1917,heavili
1918,hebei
1919,hectar
1920,hector
1921,heidweil
1922,heilongjiang
1923,heiwa
1924,held
1925,helicopt
1926,helmut
1927,help
1928,hemdal
1929,hemminghau
1930,henan
1931,henderson
1932,hengst
1933,henk
1934,henkel
1935,henri
1936,herald
1937,heritag
1938,hernan
1939,herrington
1940,heublein
1941,hgca
1942,hiap
1943,hideo
1944,high
1945,higher
1946,highest
1947,highfructos
1948,highli
1949,highlysecret
1950,highpric
1951,highqual
1952,highrank
1953,highspe
1954,hightechnolog
1955,highway
1956,hill
1957,hillsdown
1958,hinkley
1959,hint
1960,hirabayashi
1961,hire
1962,hirozumi
1963,hisham
1964,histor
1965,histori
1966,hit
1967,hk
1968,hoc
1969,hoechst
1970,hog
1971,hold
1972,holder
1973,hole
1974,holiday
1975,holt
1976,home
1977,homebrew
1978,hong
1979,honour
1980,hook
1981,hope
1982,horizon
1983,hosni
1984,hospit
1985,host
1986,hostil
1987,hotel
1988,hour
1989,hourlypaid
1990,hous
1991,household
1992,houston
1993,houstonbas
1994,hover
1995,hovnanian
1996,howev
1997,hr
1998,hri
1999,hudson
2000,huge
2001,hugh
2002,humid
2003,hundr
2004,hungari
2005,hurt
2006,hurtado
2007,hutchison
2008,hutmann
2009,hutton
2010,hw
2011,hwt
2012,hydraul
2013,hydro
2014,hydrocrack
2015,hydrogen
2016,hyox
2017,ibc
2018,ibp
2019,ic
2020,icahn
2021,icco
2022,ici
2023,ico
2024,idaho
2025,idea
2026,ident
2027,identifi
2028,ideolog
2029,idustri
2030,iea
2031,ifr
2032,ignit
2033,ill
2034,illadvis
2035,illeg
2036,illicit
2037,illinoi
2038,illprepar
2039,illusori
2040,illwil
2041,im
2042,imag
2043,imbal
2044,imf
2045,immedi
2046,immin
2047,impact
2048,impati
2049,imper
2050,imperi
2051,implement
2052,import
2053,impos
2054,imposs
2055,improb
2056,improp
2057,improv
2058,inabl
2059,inact
2060,inadequ
2061,inappropri
2062,inaugur
2063,inc
2064,incent
2065,inch
2066,incid
2067,includ
2068,incom
2069,incorpor
2070,increas
2071,increasingli
2072,incur
2073,indefinit
2074,independ
2075,index
2076,india
2077,indian
2078,indiana
2079,indic
2080,indirect
2081,indirectli
2082,individu
2083,indonesia
2084,indonesian
2085,indonesiaturkey
2086,induc
2087,industri
2088,industrialis
2089,industrialist
2090,industriel
2091,ined
2092,inevit
2093,infanc
2094,infight
2095,inflat
2096,inflationari
2097,inflow
2098,influenc
2099,influenti
2100,inform
2101,infrastructur
2102,infus
2103,ingolstadt
2104,ingredi
2105,inher
2106,initi
2107,inject
2108,injunct
2109,injur
2110,ink
2111,inland
2112,inn
2113,inner
2114,inra
2115,insid
2116,insist
2117,inspect
2118,instabl
2119,instal
2120,instanc
2121,instead
2122,institut
2123,instruct
2124,instrument
2125,insur
2126,intang
2127,intend
2128,intens
2129,intent
2130,interag
2131,interbank
2132,intercon
2133,intercontinent
2134,interest
2135,interestr
2136,intereststrain
2137,interfer
2138,interfirst
2139,interim
2140,interior
2141,intermedi
2142,intern
2143,interrupt
2144,intersect
2145,interst
2146,interv
2147,interven
2148,intervent
2149,interview
2150,intl
2151,intransig
2152,introduc
2153,introduct
2154,inventori
2155,invest
2156,investor
2157,invis
2158,invit
2159,invoic
2160,invok
2161,involv
2162,iowa
2163,ipecod
2164,iran
2165,iranian
2166,iranianiraqi
2167,iraq
2168,iraqi
2169,ireland
2170,irish
2171,irna
2172,iron
2173,irresist
2174,irv
2175,isl
2176,island
2177,isnt
2178,isra
2179,israel
2180,israelbas
2181,issu
2182,issuanc
2183,istat
2184,ita
2185,itali
2186,italian
2187,itc
2188,itcrel
2189,item
2190,ive
2191,ivori
2192,ivorian
2193,iwc
2194,j
2195,jack
2196,jackson
2197,jacob
2198,jacqu
2199,jaim
2200,jakarta
2201,jamaica
2202,jamaican
2203,jame
2204,jan
2205,jannock
2206,januari
2207,januaryaugust
2208,japan
2209,japanes
2210,jardin
2211,jarl
2212,javier
2213,jay
2214,jealous
2215,jeanmarc
2216,jenrett
2217,jeopard
2218,jerom
2219,jersey
2220,jestin
2221,jet
2222,jewelri
2223,jiang
2224,jiangsu
2225,jiffi
2226,jim
2227,job
2228,jobber
2229,jobless
2230,john
2231,johnni
2232,johnson
2233,johor
2234,join
2235,joint
2236,jointli
2237,jointventur
2238,jon
2239,jone
2240,jopl
2241,jordan
2242,jose
2243,joseph
2244,journal
2245,jr
2246,judg
2247,judson
2248,juergen
2249,juggl
2250,juic
2251,jukardi
2252,juli
2253,jumardi
2254,jump
2255,june
2256,jungl
2257,juno
2258,jurisdict
2259,justif
2260,justo
2261,kahn
2262,kangyo
2263,kanon
2264,kansa
2265,kapsi
2266,karl
2267,kato
2268,kaunda
2269,kaya
2270,kaysersberg
2271,keen
2272,keenli
2273,keep
2274,keidanren
2275,keith
2276,keizai
2277,kelli
2278,kemper
2279,kenneth
2280,kerb
2281,kertih
2282,key
2283,kgaa
2284,kidder
2285,kiichi
2286,kill
2287,kilo
2288,kimberley
2289,kind
2290,king
2291,kinney
2292,kio
2293,kl
2294,kleinwort
2295,klopfenstein
2296,km
2297,knightridd
2298,know
2299,known
2300,knssfm
2301,koether
2302,koh
2303,komatsu
2304,kong
2305,kongbas
2306,kopparberg
2307,korea
2308,kredietbank
2309,kremlin
2310,kuala
2311,kuna
2312,kuroda
2313,kuwait
2314,kuwaiti
2315,l
2316,la
2317,label
2318,labor
2319,laboratori
2320,labour
2321,lack
2322,ladd
2323,laden
2324,lago
2325,laidlaw
2326,lake
2327,lamb
2328,lambert
2329,lame
2330,land
2331,landa
2332,laptop
2333,lard
2334,larg
2335,larger
2336,largescal
2337,largest
2338,lasmo
2339,last
2340,late
2341,later
2342,latest
2343,latin
2344,lauderdal
2345,launch
2346,laurenc
2347,lavera
2348,law
2349,lawmak
2350,lawrenc
2351,lawson
2352,lawsuit
2353,lay
2354,lb
2355,ld
2356,ldbrinkman
2357,ldmfo
2358,ldp
2359,le
2360,leach
2361,lead
2362,leader
2363,leadzinc
2364,leaf
2365,leaner
2366,leap
2367,lear
2368,learn
2369,learnt
2370,learsiegl
2371,leas
2372,leasehold
2373,least
2374,leather
2375,leav
2376,lebanes
2377,lebanon
2378,leclerc
2379,led
2380,left
2381,leftist
2382,legal
2383,legallybind
2384,legg
2385,legisl
2386,lehman
2387,leighpemberton
2388,leisur
2389,lend
2390,lender
2391,leo
2392,leonardo
2393,lessen
2394,lesson
2395,let
2396,letter
2397,leve
2398,level
2399,leverag
2400,levesqu
2401,levi
2402,liabil
2403,liber
2404,liberalis
2405,liberia
2406,liberti
2407,libr
2408,libya
2409,licenc
2410,licens
2411,lichtenberg
2412,lieberman
2413,lieuten
2414,life
2415,lifetim
2416,lifo
2417,lift
2418,lifter
2419,light
2420,lightli
2421,like
2422,likelihood
2423,lilli
2424,lima
2425,limit
2426,limon
2427,lind
2428,linden
2429,line
2430,link
2431,linkup
2432,liquefi
2433,liquid
2434,liquor
2435,lira
2436,list
2437,lister
2438,litig
2439,littl
2440,live
2441,livestock
2442,lloyd
2443,lme
2444,lmfe
2445,lo
2446,load
2447,loan
2448,lobbi
2449,local
2450,locat
2451,lockout
2452,locomot
2453,lombard
2454,london
2455,londonbas
2456,lone
2457,long
2458,longer
2459,longerterm
2460,longstand
2461,longterm
2462,look
2463,loom
2464,loos
2465,lorri
2466,lose
2467,loser
2468,loss
2469,lossmak
2470,lost
2471,lot
2472,lotoquik
2473,lotteri
2474,louisiana
2475,louvr
2476,love
2477,low
2478,lower
2479,lowest
2480,lowpric
2481,lp
2482,lpfa
2483,ltd
2484,lube
2485,lucki
2486,lucr
2487,ludena
2488,ludlum
2489,ludwigshafen
2490,lufkin
2491,lui
2492,lukman
2493,lumber
2494,lumberman
2495,lumpur
2496,lunar
2497,lunch
2498,lusaka
2499,lusinchi
2500,luxembourg
2501,lynch
2502,lyng
2503,lyonais
2504,lyonnais
2505,macgregor
2506,machesney
2507,machin
2508,machineri
2509,macki
2510,made
2511,mae
2512,maekawa
2513,magic
2514,mail
2515,main
2516,mainichi
2517,mainli
2518,maintain
2519,mainten
2520,maiz
2521,majeur
2522,major
2523,make
2524,maker
2525,maki
2526,makoto
2527,malayan
2528,malaysia
2529,malaysian
2530,malaysiansingapor
2531,malcolm
2532,malibu
2533,malrit
2534,man
2535,mana
2536,manag
2537,manaspa
2538,manhattan
2539,mani
2540,manila
2541,manipul
2542,manmad
2543,manner
2544,manni
2545,manoeuvr
2546,manor
2547,manuel
2548,manuev
2549,manufactur
2550,maoist
2551,mapara
2552,mar
2553,marapr
2554,marathon
2555,marbl
2556,march
2557,marchjun
2558,marco
2559,margin
2560,marietta
2561,marin
2562,mark
2563,market
2564,marketregul
2565,marlin
2566,marsh
2567,martin
2568,masashi
2569,mass
2570,massiv
2571,master
2572,materi
2573,materialsx
2574,matheson
2575,matrix
2576,matsui
2577,matsuya
2578,matter
2579,matthey
2580,matur
2581,maurizio
2582,mawr
2583,maximum
2584,may
2585,mayb
2586,mayban
2587,mayfair
2588,mayfirst
2589,mayjuli
2590,mcarthur
2591,mccain
2592,mcclure
2593,mcdonald
2594,mclennan
2595,meal
2596,mean
2597,meaning
2598,meant
2599,meanwhil
2600,measur
2601,meat
2602,meatpack
2603,mechan
2604,med
2605,medic
2606,mediterrane
2607,medium
2608,mediumterm
2609,meet
2610,meiko
2611,meinhardt
2612,mellon
2613,melvin
2614,member
2615,membership
2616,memori
2617,mention
2618,mercal
2619,mercantil
2620,merchandis
2621,merchant
2622,mere
2623,meredith
2624,merg
2625,merger
2626,merit
2627,merril
2628,messag
2629,messel
2630,met
2631,metal
2632,method
2633,metr
2634,metric
2635,metroplex
2636,metropol
2637,metropolitan
2638,mexico
2639,mhi
2640,mi
2641,miami
2642,mich
2643,michael
2644,michel
2645,michelin
2646,microchip
2647,micron
2648,microprocessor
2649,microwav
2650,mid
2651,midapril
2652,midday
2653,middecemb
2654,middl
2655,midg
2656,midjanuari
2657,midland
2658,midlevel
2659,midmay
2660,midmorn
2661,miferguinimba
2662,might
2663,migrat
2664,miguel
2665,mike
2666,mikhail
2667,mildew
2668,mile
2669,militari
2670,militaryspecif
2671,mill
2672,miller
2673,million
2674,milwaukeebas
2675,mind
2676,mine
2677,miner
2678,mineroperu
2679,minicomput
2680,minim
2681,minimum
2682,minist
2683,ministeri
2684,ministri
2685,minneapoli
2686,minnesota
2687,minor
2688,minpeco
2689,minsitri
2690,mint
2691,miscellan
2692,mision
2693,mislead
2694,missil
2695,mississippi
2696,missouri
2697,misstat
2698,mistak
2699,mitchel
2700,mite
2701,miti
2702,mitsui
2703,mix
2704,miyazawa
2705,mln
2706,mlnm
2707,mm
2708,mmc
2709,mn
2710,mobil
2711,mobilier
2712,model
2713,modenis
2714,moder
2715,modern
2716,modernis
2717,modest
2718,modestli
2719,modif
2720,modulair
2721,moe
2722,moengo
2723,moethennessi
2724,moham
2725,moistur
2726,moment
2727,momentum
2728,monday
2729,monetari
2730,money
2731,monfort
2732,mongolia
2733,monica
2734,monitor
2735,monkey
2736,monod
2737,monopoli
2738,montagu
2739,montana
2740,montgomeri
2741,month
2742,monthend
2743,monthli
2744,montreal
2745,moonshin
2746,moor
2747,morgan
2748,moribund
2749,morn
2750,morocco
2751,morristown
2752,moscow
2753,mostli
2754,mothbal
2755,mount
2756,mountain
2757,move
2758,movement
2759,movi
2760,mozambican
2761,mpb
2762,mt
2763,mth
2764,mthli
2765,mti
2766,mu
2767,mubarak
2768,much
2769,muenchmey
2770,mulford
2771,mull
2772,multibank
2773,multifamili
2774,multifood
2775,multilater
2776,multin
2777,multipl
2778,munchmey
2779,muraoka
2780,murchison
2781,murdoch
2782,murren
2783,murtha
2784,musa
2785,music
2786,must
2787,mustapha
2788,mustbuy
2789,mute
2790,mutsuki
2791,mutual
2792,myer
2793,n
2794,na
2795,nabisco
2796,nacion
2797,nakason
2798,name
2799,nanfang
2800,napl
2801,narrow
2802,narvaez
2803,nassau
2804,natali
2805,nation
2806,nationwid
2807,natl
2808,natur
2809,natwest
2810,naval
2811,navig
2812,nazir
2813,nazmi
2814,nbc
2815,nc
2816,ncr
2817,nd
2818,near
2819,nearbi
2820,nearer
2821,nearli
2822,neb
2823,nebraska
2824,necess
2825,necessari
2826,necessarili
2827,need
2828,neg
2829,negara
2830,neglig
2831,negot
2832,negoti
2833,negro
2834,neither
2835,neoax
2836,nervous
2837,nesbitt
2838,net
2839,netherland
2840,network
2841,neutral
2842,nev
2843,nevada
2844,never
2845,new
2846,newel
2847,newgener
2848,newli
2849,newlyform
2850,newlyprivatis
2851,newman
2852,news
2853,newspap
2854,newsprint
2855,next
2856,nh
2857,nick
2858,nickel
2859,nigel
2860,nigeria
2861,nigerian
2862,night
2863,nil
2864,nimit
2865,nine
2866,ningbo
2867,nioc
2868,nippon
2869,nj
2870,nm
2871,nobodi
2872,noboru
2873,nodaway
2874,nomin
2875,nomine
2876,nonbelliger
2877,noncash
2878,noncompet
2879,none
2880,nonev
2881,nongold
2882,nonhear
2883,nonicco
2884,nonico
2885,noninflationari
2886,nonmemb
2887,nonoil
2888,nonpartisan
2889,nonperform
2890,nonqualifi
2891,nonrecur
2892,nontariff
2893,nonthapanthawat
2894,norfolk
2895,normal
2896,norsk
2897,norstar
2898,north
2899,northbrook
2900,northeast
2901,northern
2902,northgat
2903,northwest
2904,norway
2905,norwegian
2906,notabl
2907,note
2908,notebryn
2909,notefirst
2910,noteth
2911,noteto
2912,noth
2913,notic
2914,nov
2915,nova
2916,novatron
2917,novemb
2918,novembermarch
2919,nowcomplet
2920,npra
2921,nuclear
2922,nudg
2923,number
2924,numer
2925,nutrit
2926,nv
2927,nvhome
2928,ny
2929,nz
2930,object
2931,oblig
2932,observ
2933,obstin
2934,obtain
2935,obvious
2936,occas
2937,occident
2938,occup
2939,occupi
2940,occur
2941,ocean
2942,octan
2943,octob
2944,octsept
2945,oecd
2946,oecf
2947,oeien
2948,oeprat
2949,of
2950,offens
2951,offer
2952,offic
2953,offici
2954,offset
2955,offshor
2956,offtak
2957,often
2958,ohio
2959,oil
2960,oiler
2961,oilfield
2962,oilman
2963,oilrich
2964,oilse
2965,okinow
2966,oklahoma
2967,old
2968,olein
2969,oljeselskap
2970,oman
2971,one
2972,oneday
2973,oneforon
2974,oneforthre
2975,onehalf
2976,onemonth
2977,oneok
2978,oneseventh
2979,oneweek
2980,oneyear
2981,ongo
2982,onshor
2983,ontario
2984,onto
2985,onward
2986,opec
2987,opecl
2988,opecna
2989,open
2990,oper
2991,opinion
2992,opportun
2993,oppos
2994,opposit
2995,optim
2996,optimist
2997,option
2998,optioon
2999,oral
3000,order
3001,ordinari
3002,ordnanc
3003,ore
3004,oregon
3005,organ
3006,organis
3007,origin
3008,ortheast
3009,os
3010,osakabas
3011,oseberg
3012,oslo
3013,ota
3014,other
3015,otherwis
3016,otto
3017,ought
3018,ounc
3019,ousman
3020,outcom
3021,outer
3022,outflow
3023,outgo
3024,outlet
3025,outlin
3026,outlook
3027,outlookecopetrol
3028,outofst
3029,outpac
3030,output
3031,outright
3032,outsid
3033,outstand
3034,outstrip
3035,outweigh
3036,overal
3037,overallot
3038,overcast
3039,overcom
3040,overdepend
3041,overhang
3042,overhaul
3043,overhead
3044,overnight
3045,overproduct
3046,overreact
3047,oversea
3048,oversubscrib
3049,overtak
3050,overth
3051,overtim
3052,overtur
3053,overvalu
3054,overwhelm
3055,overwhelmingli
3056,owe
3057,owen
3058,own
3059,owner
3060,ownership
3061,p
3062,pa
3063,pace
3064,pacif
3065,packag
3066,packet
3067,pact
3068,paid
3069,paidup
3070,painewebb
3071,pakistan
3072,pakistani
3073,palm
3074,pampa
3075,pan
3076,panama
3077,panel
3078,paper
3079,papua
3080,papyru
3081,par
3082,paradis
3083,parallel
3084,paralys
3085,parana
3086,pare
3087,parent
3088,pari
3089,park
3090,parliament
3091,parliamentari
3092,parliamentarian
3093,part
3094,parti
3095,partial
3096,particip
3097,particular
3098,particularli
3099,partli
3100,partner
3101,partnerhip
3102,partnership
3103,paso
3104,pass
3105,passag
3106,passeng
3107,past
3108,pasta
3109,pat
3110,patch
3111,pate
3112,patent
3113,patient
3114,patricia
3115,patricio
3116,paul
3117,paulo
3118,pay
3119,payabl
3120,payment
3121,payout
3122,pc
3123,pct
3124,peabodi
3125,peak
3126,peanut
3127,peasant
3128,peerless
3129,peg
3130,peke
3131,pellet
3132,penal
3133,penalti
3134,pend
3135,penetr
3136,peninsular
3137,penni
3138,pennsylvania
3139,pensacola
3140,pension
3141,pentagon
3142,pentland
3143,peopl
3144,pep
3145,pepsi
3146,pepsico
3147,per
3148,perceiv
3149,percent
3150,percentag
3151,percenti
3152,perelman
3153,perez
3154,perfectli
3155,perform
3156,perhap
3157,period
3158,perman
3159,permiss
3160,permit
3161,perri
3162,persian
3163,persist
3164,person
3165,personnel
3166,pertain
3167,pertamina
3168,peru
3169,peruvian
3170,peso
3171,pessimist
3172,pest
3173,pete
3174,peter
3175,petit
3176,petro
3177,petrochem
3178,petrol
3179,petrolan
3180,petroleo
3181,petroleum
3182,petrona
3183,pf
3184,pharmaceut
3185,phase
3186,philadelphia
3187,philip
3188,philippin
3189,phillip
3190,phone
3191,photograph
3192,physic
3193,pick
3194,picken
3195,pickup
3196,pictur
3197,picul
3198,piec
3199,piedmont
3200,pier
3201,pig
3202,pile
3203,pilgrim
3204,pillar
3205,pillsburi
3206,pilot
3207,pima
3208,pipelin
3209,piper
3210,piri
3211,pitfield
3212,pittsburgh
3213,pittston
3214,pl
3215,place
3216,plaintfiff
3217,plaintiff
3218,plambeck
3219,plan
3220,plane
3221,plant
3222,plantat
3223,planter
3224,plastic
3225,platform
3226,play
3227,player
3228,plaza
3229,plc
3230,pleas
3231,pleasur
3232,pledg
3233,plow
3234,plu
3235,plung
3236,poct
3237,pod
3238,poehl
3239,point
3240,pointwendi
3241,pois
3242,polici
3243,policymak
3244,polit
3245,politicallyriski
3246,politicallysensit
3247,poll
3248,polyest
3249,pool
3250,poor
3251,popul
3252,populair
3253,port
3254,portfolio
3255,portion
3256,portland
3257,portug
3258,posit
3259,possibl
3260,post
3261,postbuyout
3262,postpon
3263,postsplit
3264,pot
3265,potato
3266,potenti
3267,pound
3268,pour
3269,powder
3270,powderi
3271,power
3272,practic
3273,pratt
3274,pravda
3275,prawn
3276,preced
3277,preceed
3278,precis
3279,predict
3280,prefer
3281,preliminari
3282,premdor
3283,premium
3284,prepar
3285,prepay
3286,preplaza
3287,prerecord
3288,present
3289,preserv
3290,preset
3291,presid
3292,presidenti
3293,presidnt
3294,presplit
3295,press
3296,pressur
3297,pretax
3298,prevail
3299,prevent
3300,previou
3301,previous
3302,previouslyannounc
3303,previouslyreport
3304,previs
3305,price
3306,pricesupport
3307,primari
3308,primarili
3309,prime
3310,princ
3311,princip
3312,principl
3313,print
3314,printer
3315,prior
3316,prioriti
3317,privaci
3318,privat
3319,privatelyheld
3320,privatis
3321,prive
3322,pro
3323,probabl
3324,problem
3325,proce
3326,proced
3327,procedur
3328,proceed
3329,process
3330,processor
3331,procter
3332,produc
3333,product
3334,proess
3335,profil
3336,profit
3337,profittak
3338,program
3339,programm
3340,progress
3341,prohibit
3342,project
3343,promis
3344,promot
3345,prompt
3346,pronounc
3347,prop
3348,propan
3349,properli
3350,properti
3351,proport
3352,proportion
3353,propos
3354,proprietari
3355,propros
3356,propsect
3357,propuc
3358,prospect
3359,prospectu
3360,protect
3361,protection
3362,protectionist
3363,protest
3364,protocol
3365,prove
3366,provid
3367,provinc
3368,provinci
3369,provis
3370,provision
3371,provoc
3372,provok
3373,proxi
3374,proxmir
3375,prudent
3376,psycholog
3377,pte
3378,pti
3379,public
3380,publicli
3381,publish
3382,puerto
3383,puisay
3384,pulcin
3385,pull
3386,pulp
3387,pump
3388,pumpprim
3389,punch
3390,punish
3391,punit
3392,punt
3393,purchas
3394,pure
3395,purg
3396,purina
3397,purpos
3398,purs
3399,pursu
3400,push
3401,put
3402,qassem
3403,qatar
3404,qinghai
3405,qintex
3406,qpl
3407,qtli
3408,qtr
3409,qtrli
3410,quadrupl
3411,qualifi
3412,qualiti
3413,quantiti
3414,quantum
3415,quarrel
3416,quarter
3417,quarterli
3418,quaysid
3419,quebec
3420,queensland
3421,quest
3422,question
3423,queue
3424,quevedo
3425,quick
3426,quickchang
3427,quickli
3428,quintal
3429,quit
3430,quot
3431,quota
3432,radio
3433,rafael
3434,raid
3435,rail
3436,railway
3437,rain
3438,rainbow
3439,rais
3440,raj
3441,ralli
3442,ralph
3443,ralston
3444,ramapo
3445,ran
3446,ranch
3447,ranco
3448,random
3449,rang
3450,rapese
3451,rapesee
3452,rapid
3453,rapidli
3454,rate
3455,ratenihon
3456,rather
3457,ratio
3458,rationalis
3459,raw
3460,rbd
3461,rd
3462,reacceler
3463,reach
3464,react
3465,reaction
3466,reactiv
3467,readi
3468,readymix
3469,reaffirm
3470,reagan
3471,real
3472,realign
3473,realis
3474,realist
3475,realiti
3476,realiz
3477,realli
3478,realmerica
3479,realti
3480,reason
3481,reassembl
3482,reassess
3483,rebas
3484,rebat
3485,rebbok
3486,rebel
3487,rebound
3488,rebuild
3489,recalcul
3490,recapit
3491,receipt
3492,receiv
3493,recent
3494,recess
3495,reckon
3496,reclus
3497,recogn
3498,recognis
3499,recognit
3500,recommend
3501,reconsid
3502,reconstruct
3503,record
3504,recoup
3505,recov
3506,recoveri
3507,recreat
3508,red
3509,redeem
3510,redirect
3511,reduc
3512,reducedusda
3513,reduct
3514,reebok
3515,reed
3516,reemerg
3517,reestablish
3518,reevalu
3519,reexamin
3520,refer
3521,refin
3522,refinanc
3523,refinerbuy
3524,refineri
3525,reflationari
3526,reflect
3527,reform
3528,refrain
3529,refriger
3530,refus
3531,regain
3532,regard
3533,region
3534,regist
3535,registr
3536,regul
3537,regular
3538,regularli
3539,regulationfre
3540,regulatori
3541,reimburs
3542,reincorpor
3543,reinforc
3544,reinsur
3545,reintroduc
3546,reintroduct
3547,reiseforsikr
3548,reiter
3549,reject
3550,rejseforsikr
3551,rel
3552,relat
3553,relationship
3554,relax
3555,releas
3556,relev
3557,relfect
3558,reli
3559,relianc
3560,relief
3561,reliev
3562,religi
3563,reload
3564,reloc
3565,reluct
3566,remain
3567,remaind
3568,remark
3569,remit
3570,remot
3571,remov
3572,renam
3573,rene
3574,renegoti
3575,renew
3576,renfrew
3577,reno
3578,renounc
3579,reopen
3580,reorgan
3581,rep
3582,repair
3583,repay
3584,repeal
3585,repeat
3586,repeatedli
3587,replac
3588,repli
3589,report
3590,reportedli
3591,repossess
3592,repres
3593,represent
3594,republ
3595,republican
3596,repurchas
3597,request
3598,requir
3599,reschedul
3600,rescu
3601,research
3602,reserv
3603,resid
3604,resign
3605,resist
3606,resolut
3607,resolv
3608,resort
3609,resourc
3610,respect
3611,respond
3612,respons
3613,rest
3614,restat
3615,restaur
3616,restor
3617,restrain
3618,restraint
3619,restrict
3620,restructur
3621,result
3622,resum
3623,resumpt
3624,retail
3625,retain
3626,retali
3627,retaliatori
3628,retir
3629,retreat
3630,retriev
3631,retroact
3632,return
3633,reuter
3634,rev
3635,revalu
3636,reven
3637,revenu
3638,revers
3639,review
3640,revis
3641,reviv
3642,revlon
3643,revolutionari
3644,rexnord
3645,reynold
3646,rica
3647,rice
3648,richard
3649,richardson
3650,richarson
3651,richer
3652,richman
3653,rick
3654,rie
3655,rifai
3656,rig
3657,right
3658,rigid
3659,rilwanu
3660,ringgit
3661,rio
3662,riowa
3663,rise
3664,risen
3665,risk
3666,riski
3667,rival
3668,river
3669,riyadh
3670,rjr
3671,rminn
3672,roach
3673,road
3674,rob
3675,robert
3676,robertshaw
3677,robin
3678,rocket
3679,rockford
3680,rockwood
3681,rod
3682,roger
3683,role
3684,roll
3685,rollback
3686,roller
3687,roman
3688,romek
3689,ron
3690,ronald
3691,ronda
3692,roof
3693,room
3694,ropak
3695,rore
3696,rose
3697,rosenbaum
3698,rosenberg
3699,rospatch
3700,rot
3701,rotari
3702,rotterdam
3703,roubl
3704,round
3705,rout
3706,row
3707,roxi
3708,roy
3709,royal
3710,rpi
3711,rr
3712,rsexpert
3713,rtz
3714,rubber
3715,rule
3716,rumor
3717,rumour
3718,run
3719,runaway
3720,rupert
3721,rupiah
3722,ruptur
3723,rural
3724,rw
3725,rx
3726,ryder
3727,sa
3728,saarbruecken
3729,saarland
3730,sabah
3731,sach
3732,sack
3733,sadat
3734,safe
3735,safeti
3736,sag
3737,said
3738,sail
3739,saito
3740,salaam
3741,salah
3742,salant
3743,salari
3744,sale
3745,salli
3746,salt
3747,salvador
3748,sam
3749,sampl
3750,samudio
3751,san
3752,sanction
3753,sanduski
3754,sank
3755,santa
3756,sao
3757,sarji
3758,sarney
3759,sation
3760,satisfactori
3761,satisfi
3762,satoshi
3763,saturday
3764,saudi
3765,save
3766,saw
3767,saxon
3768,say
3769,sc
3770,scale
3771,scenario
3772,scene
3773,sceptic
3774,schedul
3775,scheme
3776,scheringplough
3777,schlesing
3778,schlick
3779,schlumberg
3780,schmidt
3781,school
3782,schroeder
3783,scienc
3784,scotia
3785,scotland
3786,scott
3787,scottish
3788,scrap
3789,scratch
3790,sdn
3791,sdr
3792,sea
3793,seab
3794,seafar
3795,seaforth
3796,season
3797,sec
3798,second
3799,secondhand
3800,secondlargest
3801,secondquart
3802,secret
3803,secretari
3804,secretariat
3805,section
3806,sector
3807,secur
3808,see
3809,seed
3810,seek
3811,seem
3812,seen
3813,segment
3814,seiz
3815,select
3816,selfcentr
3817,selfdefens
3818,selfimpos
3819,selfsuffici
3820,sell
3821,seller
3822,selloff
3823,semiannu
3824,semiconduct
3825,semiconductor
3826,semifinish
3827,sen
3828,senat
3829,send
3830,seng
3831,senior
3832,sens
3833,sensibl
3834,sensit
3835,sent
3836,sentenc
3837,sentiment
3838,separ
3839,sept
3840,septemb
3841,sequenc
3842,serf
3843,seri
3844,seriou
3845,serious
3846,serv
3847,servic
3848,session
3849,set
3850,settl
3851,settlement
3852,seven
3853,sevenday
3854,sevenn
3855,sevenst
3856,sever
3857,sevic
3858,shake
3859,shakeup
3860,shall
3861,shamrock
3862,shandong
3863,shanghai
3864,shanxi
3865,shape
3866,share
3867,sharehold
3868,sharp
3869,sharpli
3870,shatter
3871,shearson
3872,sheer
3873,sheikh
3874,shekel
3875,shelf
3876,shell
3877,shelter
3878,shelv
3879,shenzhen
3880,sheriff
3881,shift
3882,shigeru
3883,shimbun
3884,ship
3885,shipbuild
3886,shipment
3887,shipmet
3888,shoe
3889,shoot
3890,shop
3891,shore
3892,short
3893,shortag
3894,shortfal
3895,shortli
3896,shortterm
3897,shot
3898,show
3899,shown
3900,showroom
3901,shr
3902,shrink
3903,shut
3904,shutdown
3905,shv
3906,sichuan
3907,siddeley
3908,side
3909,sieb
3910,siegler
3911,sight
3912,sign
3913,signal
3914,signatur
3915,signific
3916,significantli
3917,silk
3918,silkworm
3919,silver
3920,sim
3921,sime
3922,similar
3923,simon
3924,simpli
3925,sinc
3926,sinclair
3927,singapor
3928,singl
3929,singlefamili
3930,sir
3931,sit
3932,site
3933,situat
3934,six
3935,sixforf
3936,sixth
3937,size
3938,skeptic
3939,skylin
3940,slack
3941,slash
3942,slater
3943,slaughter
3944,slide
3945,slight
3946,slightli
3947,slim
3948,slip
3949,slow
3950,slowdown
3951,sluggish
3952,slump
3953,small
3954,smaller
3955,smallscal
3956,smelter
3957,smith
3958,smithson
3959,smoke
3960,smooth
3961,snyder
3962,soar
3963,socal
3964,social
3965,soda
3966,soft
3967,soften
3968,softwood
3969,sogo
3970,soichi
3971,sold
3972,sole
3973,solid
3974,solubl
3975,solut
3976,solv
3977,someon
3978,someth
3979,somewhat
3980,somfa
3981,son
3982,soon
3983,sooner
3984,sooth
3985,sorghum
3986,sort
3987,sosnoff
3988,sought
3989,sound
3990,soup
3991,sour
3992,sourc
3993,south
3994,southeast
3995,southern
3996,southlif
3997,southmark
3998,southwest
3999,southwestern
4000,sovereignti
4001,soviet
4002,sovietbuilt
4003,sovietsuppli
4004,sown
4005,soya
4006,soybean
4007,soymeal
4008,space
4009,spain
4010,spare
4011,spartech
4012,spate
4013,spc
4014,speak
4015,special
4016,specialti
4017,specif
4018,specifi
4019,specualt
4020,specul
4021,speech
4022,speed
4023,spell
4024,spend
4025,spethmann
4026,spika
4027,spin
4028,spirit
4029,spite
4030,splinter
4031,split
4032,splitdebentur
4033,spoken
4034,spokesman
4035,spokeswoman
4036,sport
4037,spot
4038,spotlight
4039,spread
4040,spring
4041,squar
4042,squeez
4043,sr
4044,sra
4045,st
4046,stabil
4047,stabilis
4048,stabl
4049,staff
4050,staffer
4051,stage
4052,stahl
4053,stake
4054,stamford
4055,stanc
4056,stand
4057,standard
4058,standbi
4059,standstil
4060,standwel
4061,stangeland
4062,stanley
4063,stapl
4064,star
4065,starboard
4066,starch
4067,starcraft
4068,start
4069,stat
4070,state
4071,statecontrol
4072,statement
4073,stateown
4074,staterun
4075,statesflag
4076,statfjord
4077,station
4078,statist
4079,statoil
4080,statu
4081,stay
4082,stck
4083,ste
4084,steadi
4085,steadili
4086,stearn
4087,steel
4088,steelmak
4089,steelwork
4090,steer
4091,stem
4092,step
4093,stepbystep
4094,steppedup
4095,stepsav
4096,sterl
4097,steven
4098,stg
4099,stick
4100,stiff
4101,stiffer
4102,still
4103,stimul
4104,stimulu
4105,stock
4106,stockbrok
4107,stockhold
4108,stockpil
4109,stood
4110,stop
4111,stopov
4112,stora
4113,storag
4114,store
4115,straddlebound
4116,straight
4117,strain
4118,strateg
4119,strategi
4120,stream
4121,street
4122,strength
4123,strengthen
4124,stress
4125,stricter
4126,strictli
4127,strident
4128,strike
4129,strong
4130,stronger
4131,strongest
4132,strongli
4133,structur
4134,struggl
4135,stubbornli
4136,student
4137,studi
4138,studio
4139,su
4140,subcabinetlevel
4141,subcommitte
4142,subisdi
4143,subject
4144,submit
4145,subordin
4146,subscrib
4147,subscript
4148,subsid
4149,subsidi
4150,subsidiari
4151,subsidis
4152,substanti
4153,substitut
4154,suburban
4155,subvers
4156,subvert
4157,succeed
4158,success
4159,successor
4160,sucr
4161,sudan
4162,sudden
4163,suffer
4164,suffici
4165,sugar
4166,sugarbeet
4167,sugarcan
4168,sugarcontain
4169,sugartrad
4170,suggest
4171,suharto
4172,suit
4173,suitabl
4174,suitor
4175,sul
4176,sulfid
4177,sulfur
4178,sullivan
4179,sulphur
4180,sultan
4181,sumita
4182,sumitomo
4183,summari
4184,summer
4185,summit
4186,sun
4187,sunday
4188,sunflow
4189,sunflowerse
4190,sunlight
4191,sunris
4192,sunstat
4193,super
4194,supermarket
4195,supervis
4196,supplement
4197,suppli
4198,supplier
4199,supplydemand
4200,support
4201,supportat
4202,suralco
4203,surcharg
4204,sure
4205,surinam
4206,surpass
4207,surplu
4208,surpris
4209,surround
4210,survey
4211,surviv
4212,susbsidiari
4213,suspend
4214,suspens
4215,sustain
4216,swallow
4217,swap
4218,swearingen
4219,sweden
4220,swedish
4221,sweep
4222,sweet
4223,sweeten
4224,swell
4225,swift
4226,swiftli
4227,swim
4228,swine
4229,swiss
4230,switch
4231,switzerland
4232,sylla
4233,symbol
4234,synar
4235,syndic
4236,syrup
4237,system
4238,systemwid
4239,tacit
4240,tackl
4241,tag
4242,taiwan
4243,takashi
4244,take
4245,taken
4246,takeov
4247,talent
4248,talk
4249,tame
4250,tamura
4251,tanaka
4252,tandi
4253,tangibl
4254,tank
4255,tanker
4256,tanzaniazambia
4257,tapioca
4258,taqi
4259,target
4260,tariff
4261,tarrif
4262,task
4263,tax
4264,taxabl
4265,taxfre
4266,taxpay
4267,tazara
4268,team
4269,teccor
4270,tech
4271,technic
4272,technicon
4273,technolgi
4274,technolog
4275,tedi
4276,tel
4277,teladata
4278,telecommun
4279,telegraph
4280,telephon
4281,teleprint
4282,teleproduct
4283,televis
4284,telfer
4285,tell
4286,telzerow
4287,telzrow
4288,temperatur
4289,temporari
4290,temporarili
4291,temptat
4292,ten
4293,tendenc
4294,tender
4295,tension
4296,tent
4297,term
4298,termin
4299,territori
4300,test
4301,testimoni
4302,texa
4303,texasbas
4304,textil
4305,th
4306,thai
4307,thailand
4308,that
4309,thatch
4310,thenpresid
4311,theoret
4312,there
4313,thereaft
4314,therefor
4315,thereof
4316,theyd
4317,theyll
4318,theyr
4319,theyv
4320,thick
4321,thing
4322,think
4323,third
4324,thirdparti
4325,thomson
4326,though
4327,thought
4328,thousand
4329,threat
4330,threaten
4331,three
4332,threeday
4333,threeforon
4334,threefortwo
4335,threeprong
4336,threeyear
4337,threshold
4338,thrift
4339,throughout
4340,thrown
4341,thrust
4342,thu
4343,thursday
4344,thyssen
4345,tian
4346,tide
4347,tie
4348,tiecommun
4349,tieup
4350,tight
4351,tighten
4352,tighter
4353,till
4354,timber
4355,time
4356,timet
4357,tin
4358,tinker
4359,tintozinc
4360,tip
4361,tk
4362,tkr
4363,tm
4364,tobacco
4365,today
4366,togeth
4367,toi
4368,tokyo
4369,tokyobas
4370,told
4371,tom
4372,tomato
4373,tomorrow
4374,tomr
4375,ton
4376,tone
4377,tonight
4378,tonn
4379,tonnag
4380,tonnesamstutz
4381,took
4382,tool
4383,top
4384,toronto
4385,torontobas
4386,toshiba
4387,total
4388,tough
4389,tour
4390,touristiqu
4391,tow
4392,toward
4393,town
4394,toyko
4395,trace
4396,track
4397,trade
4398,trader
4399,tradit
4400,traffic
4401,trail
4402,trailer
4403,trailway
4404,train
4405,tran
4406,transact
4407,transamerican
4408,transfer
4409,transform
4410,tranship
4411,transit
4412,translat
4413,translux
4414,transpar
4415,transport
4416,transtech
4417,travaux
4418,travel
4419,treasuri
4420,treat
4421,treatment
4422,tremor
4423,trend
4424,trengganu
4425,tri
4426,tribun
4427,trillion
4428,trip
4429,tripoli
4430,troop
4431,truck
4432,trust
4433,tuesday
4434,tuition
4435,tumaco
4436,tunisia
4437,turbul
4438,turkey
4439,turkish
4440,turmoil
4441,turn
4442,turnaround
4443,turner
4444,turnov
4445,tv
4446,tvi
4447,twa
4448,twenti
4449,twice
4450,twicepostpon
4451,two
4452,twoandonehalfforon
4453,twoforon
4454,twothird
4455,twoweek
4456,twoyear
4457,txl
4458,type
4459,u
4460,uae
4461,ufcw
4462,ufcwu
4463,uk
4464,ukbas
4465,ula
4466,ultim
4467,ultrasystem
4468,umbrella
4469,un
4470,unabl
4471,unaccept
4472,unadjust
4473,unaffect
4474,unanim
4475,uncertain
4476,uncertainti
4477,unchang
4478,unclear
4479,uncomfort
4480,unctad
4481,undamag
4482,undercut
4483,undergo
4484,underli
4485,underlin
4486,undermin
4487,underproduc
4488,undersecretari
4489,understand
4490,understood
4491,undertak
4492,undertaken
4493,underton
4494,underus
4495,underutilis
4496,undervalu
4497,underwrit
4498,underwritten
4499,undisclos
4500,uneconom
4501,unemploy
4502,unexpect
4503,unfair
4504,unfortun
4505,unicorp
4506,unilater
4507,unilev
4508,union
4509,unit
4510,unithold
4511,uniti
4512,univers
4513,unlaw
4514,unlead
4515,unleash
4516,unless
4517,unlik
4518,unload
4519,unmatch
4520,unnam
4521,unoc
4522,unpaid
4523,unprepar
4524,unprofit
4525,unrealist
4526,unreason
4527,unrecover
4528,unruli
4529,unsmooth
4530,unsolicit
4531,unspecifi
4532,unstabl
4533,unsuccess
4534,unti
4535,untru
4536,unus
4537,unusu
4538,unveil
4539,unwant
4540,unwil
4541,unzelman
4542,up
4543,upcom
4544,updat
4545,upgrad
4546,uphold
4547,upland
4548,upper
4549,upsid
4550,upstat
4551,upsurg
4552,upsw
4553,upturn
4554,upward
4555,uranium
4556,urg
4557,urgent
4558,uruguay
4559,usa
4560,usag
4561,usair
4562,usda
4563,use
4564,usflag
4565,usjapan
4566,usjapanes
4567,ussr
4568,usual
4569,utah
4570,util
4571,utilis
4572,v
4573,vaguer
4574,valeri
4575,valhal
4576,valley
4577,valu
4578,valv
4579,van
4580,vancouv
4581,vanderbilt
4582,varieti
4583,variou
4584,vast
4585,vastli
4586,veeco
4587,veget
4588,vehicl
4589,vein
4590,vend
4591,vendor
4592,venezuela
4593,venezuelan
4594,venic
4595,ventra
4596,ventur
4597,verifi
4598,vern
4599,vernon
4600,version
4601,versu
4602,vertic
4603,vessel
4604,vestar
4605,veterinarian
4606,veto
4607,via
4608,viabil
4609,viabl
4610,vice
4611,vicepresid
4612,victori
4613,video
4614,vien
4615,vienna
4616,view
4617,vigil
4618,vikingolj
4619,villa
4620,villag
4621,vine
4622,violat
4623,virtual
4624,viru
4625,visa
4626,vision
4627,visit
4628,vist
4629,vital
4630,vlcc
4631,vodka
4632,voic
4633,volatil
4634,volcker
4635,volkswagen
4636,voltag
4637,volum
4638,voluntari
4639,vote
4640,vtx
4641,vulner
4642,vw
4643,wage
4644,wagon
4645,wait
4646,waiv
4647,wake
4648,wall
4649,walsh
4650,walter
4651,wanamak
4652,want
4653,war
4654,warehous
4655,warfar
4656,wari
4657,warn
4658,warplan
4659,warrant
4660,warren
4661,warwick
4662,washington
4663,washo
4664,wasnt
4665,watch
4666,water
4667,wave
4668,way
4669,wayn
4670,weak
4671,weaken
4672,weaker
4673,weapon
4674,weather
4675,wedd
4676,wednesday
4677,week
4678,weekend
4679,weekf
4680,weekli
4681,weeklong
4682,weight
4683,weinberg
4684,wel
4685,welcom
4686,welfar
4687,well
4688,wendi
4689,went
4690,wenzhou
4691,werent
4692,werner
4693,wessel
4694,wesson
4695,west
4696,westburn
4697,western
4698,westminst
4699,westward
4700,wet
4701,weve
4702,whampoa
4703,whatev
4704,wheat
4705,wheatcorn
4706,wheel
4707,wherea
4708,whether
4709,white
4710,whole
4711,wholes
4712,wholesal
4713,wholli
4714,whollyown
4715,whose
4716,wichita
4717,wide
4718,widen
4719,widerang
4720,widespread
4721,wilcox
4722,wildwood
4723,will
4724,william
4725,willing
4726,wilson
4727,win
4728,windfal
4729,wine
4730,winfri
4731,wing
4732,winnebago
4733,winner
4734,winter
4735,wisconsin
4736,wisdom
4737,wish
4738,withdraw
4739,withdrawn
4740,withhold
4741,within
4742,without
4743,witter
4744,wolfgang
4745,wont
4746,wood
4747,wool
4748,woolco
4749,woolworth
4750,work
4751,worker
4752,workforc
4753,workov
4754,world
4755,worldwid
4756,worri
4757,wors
4758,worsen
4759,worth
4760,worthwhil
4761,would
4762,wouldnt
4763,wound
4764,wreck
4765,write
4766,writedown
4767,writeoff
4768,written
4769,wrong
4770,wtc
4771,wti
4772,wtrk
4773,wtrkfm
4774,wyom
4775,xiang
4776,xuto
4777,yale
4778,yamamoto
4779,yanke
4780,yanni
4781,yantai
4782,yard
4783,yasuhiro
4784,ye
4785,year
4786,yearago
4787,yearearli
4788,yearend
4789,yearli
4790,yearold
4791,yearonyear
4792,yellow
4793,yen
4794,yeo
4795,yesterday
4796,yesterdaywti
4797,yet
4798,yeutter
4799,yield
4800,yonn
4801,york
4802,yorkbas
4803,young
4804,youssri
4805,yr
4806,yrago
4807,yuan
4808,yulo
4809,yunnan
4810,zack
4811,zaid
4812,zambia
4813,zambian
4814,zccm
4815,zealand
4816,zeid
4817,zero
4818,zhejiang
4819,zico
4820,zim
4821,zimbabw
4822,zimmerman
4823,zinc
4824,zinn
4825,zoet
4826,zone
4827,zurich
